<?xml version="1.0" encoding="UTF-8"?>
<project-private xmlns="http://www.netbeans.org/ns/project-private/1">
    <editor-bookmarks xmlns="http://www.netbeans.org/ns/editor-bookmarks/2" lastBookmarkId="0"/>
    <open-files xmlns="http://www.netbeans.org/ns/projectui-open-files/2">
        <group>
            <file>file:/C:/Users/Hind_/OneDrive/Documents/documents/INSA%20LYON/CYCLONE/htmlproject/public_html/contact.html</file>
            <file>file:/C:/Users/Hind_/OneDrive/Documents/documents/INSA%20LYON/CYCLONE/htmlproject/public_html/elements.html</file>
            <file>file:/C:/Users/Hind_/OneDrive/Documents/documents/INSA%20LYON/CYCLONE/htmlproject/public_html/css/main.css</file>
            <file>file:/C:/Users/Hind_/OneDrive/Documents/documents/INSA%20LYON/CYCLONE/htmlproject/public_html/training.html</file>
            <file>file:/C:/Users/Hind_/OneDrive/Documents/documents/INSA%20LYON/CYCLONE/htmlproject/public_html/client.html</file>
            <file>file:/C:/Users/Hind_/OneDrive/Documents/documents/INSA%20LYON/CYCLONE/htmlproject/gulpfile.js</file>
            <file>file:/C:/Users/Hind_/OneDrive/Documents/documents/INSA%20LYON/CYCLONE/htmlproject/public_html/about.html</file>
            <file>file:/C:/Users/Hind_/OneDrive/Documents/documents/INSA%20LYON/CYCLONE/htmlproject/public_html/accueil.html</file>
            <file>file:/C:/Users/Hind_/OneDrive/Documents/documents/INSA%20LYON/CYCLONE/htmlproject/public_html/service.html</file>
            <file>file:/C:/Users/Hind_/OneDrive/Documents/documents/INSA%20LYON/CYCLONE/htmlproject/public_html/events.html</file>
        </group>
    </open-files>
</project-private>
